Günler;Şimdi
Çarşamba;1.857,40
Salı;1.809,65
Pazartesi;1.808,79
Cuma;1.776,41
Perşembe;1.819,23
Çarşamba;1.812,30
Salı;1.784,56
Pazartesi;1.755,48
Cuma;1.737,33
Perşembe;1.736,88
Çarşamba;1.707,04
Salı;1.685,60
Pazartesi;1.702,49
Cuma;1.638,50
Perşembe;1.625,06
Çarşamba;1.624,09
Salı;1.615,64
Pazartesi;1.608,54
Cuma;1.583,59
Perşembe;1.575,67
Çarşamba;1.547,03
Salı;1.533,05
Pazartesi;1.536,32
Perşembe;1.522,04
Çarşamba;1.519,25
Salı;1.509,20
Pazartesi;1.492,93
Cuma;1.479,93
Perşembe;1.455,42
Çarşamba;1.432,80
Salı;1.429,85
Pazartesi;1.417,70
Cuma;1.409,56
Perşembe;1.411,75
Çarşamba;1.413,54
Salı;1.416,82
Pazartesi;1.416,30
Cuma;1.398,00
Perşembe;1.396,92
Çarşamba;1.371,69
Salı;1.391,65
Pazartesi;1.394,37
Cuma;1.401,46
Perşembe;1.406,39
Çarşamba;1.391,92
Salı;1.383,77
Pazartesi;1.391,74
Cuma;1.384,68
Perşembe;1.401,46
Çarşamba;1.407,46
Salı;1.385,61
Pazartesi;1.391,91
Cuma;1.419,43
Perşembe;1.418,03
Çarşamba;1.423,97
Salı;1.434,43
Pazartesi;1.438,28
Cuma;1.438,72
Perşembe;1.452,67
Çarşamba;1.433,85
Salı;1.454,74
Pazartesi;1.474,72
Cuma;1.468,67
Perşembe;1.479,12
Çarşamba;1.474,13
Salı;1.472,07
Cuma;1.458,23
Perşembe;1.448,52
Çarşamba;1.453,30
Salı;1.465,89
Pazartesi;1.459,33
Cuma;1.444,63
Perşembe;1.439,86
Çarşamba;1.449,59
Salı;1.461,69
Pazartesi;1.455,25
Cuma;1.447,64
Perşembe;1.444,46
Çarşamba;1.410,87
Salı;1.437,46
Pazartesi;1.432,61
Cuma;1.434,76
Perşembe;1.431,78
Çarşamba;1.413,80
Salı;1.408,81
Pazartesi;1.399,65
Cuma;1.392,91
Perşembe;1.391,64
Çarşamba;1.360,75
Salı;1.359,55
Pazartesi;1.349,11
Pazartesi;1.351,59
Cuma;1.363,28
Çarşamba;1.367,25
Salı;1.346,84
Pazartesi;1.356,96
Cuma;1.378,28
Perşembe;1.372,98
Çarşamba;1.390,58
Salı;1.382,58
Pazartesi;1.392,64
Cuma;1.376,67
Perşembe;1.372,78
Çarşamba;1.356,34
Salı;1.371,67
Pazartesi;1.373,25
Cuma;1.391,86
Perşembe;1.410,79
Çarşamba;1.402,35
Salı;1.409,85
Pazartesi;1.398,52
Cuma;1.391,06
Perşembe;1.414,15
Çarşamba;1.431,31
Salı;1.442,56
Pazartesi;1.454,25
Cuma;1.460,86
Perşembe;1.456,68
Çarşamba;1.449,17
Salı;1.447,59
Pazartesi;1.447,08
Cuma;1.432,93
Perşembe;1.428,13
Çarşamba;1.430,73
Salı;1.432,04
Pazartesi;1.420,49
Cuma;1.422,06
Perşembe;1.415,03
Çarşamba;1.427,06
Salı;1.400,22
Pazartesi;1.452,18
Cuma;1.451,84
Perşembe;1.449,82
Salı;1.459,57
Pazartesi;1.454,25
Çarşamba;1.441,33
Salı;1.444,87
Pazartesi;1.460,90
Cuma;1.441,33
Perşembe;1.427,73
Çarşamba;1.420,00
Salı;1.416,25
Pazartesi;1.421,15
Cuma;1.397,82
Perşembe;1.401,52
Çarşamba;1.385,91
Salı;1.392,00
Pazartesi;1.374,00
Perşembe;1.345,15
Çarşamba;1.330,48
Salı;1.365,27
Pazartesi;1.377,23
Cuma;1.408,14
Perşembe;1.407,76
Çarşamba;1.409,19
Salı;1.378,37
Pazartesi;1.375,91
Cuma;1.393,24
Perşembe;1.416,55
Çarşamba;1.417,89
Salı;1.420,59
Pazartesi;1.442,06
Cuma;1.430,19
Perşembe;1.426,56
Çarşamba;1.391,73
Salı;1.395,79
Pazartesi;1.392,57
Cuma;1.382,15
Perşembe;1.394,36
Çarşamba;1.413,86
Salı;1.377,43
Pazartesi;1.379,25
Cuma;1.528,99
Perşembe;1.550,93
Çarşamba;1.562,11
Salı;1.570,42
Pazartesi;1.555,47
Cuma;1.557,39
Perşembe;1.556,49
Çarşamba;1.564,94
Salı;1.549,15
Pazartesi;1.530,27
Cuma;1.541,98
Perşembe;1.538,04
Çarşamba;1.531,05
Salı;1.528,82
Pazartesi;1.527,45
Cuma;1.471,39
Perşembe;1.488,21
Çarşamba;1.483,02
Salı;1.517,86
Pazartesi;1.550,61
Cuma;1.560,34
Perşembe;1.546,41
Çarşamba;1.540,59
Salı;1.542,82
Pazartesi;1.562,49
Cuma;1.538,44
Perşembe;1.545,59
Çarşamba;1.547,11
Salı;1.544,05
Pazartesi;1.534,91
Cuma;1.527,17
Perşembe;1.534,90
Çarşamba;1.533,55
Salı;1.511,43
Pazartesi;1.492,45
Cuma;1.473,45
Perşembe;1.498,32
Çarşamba;1.467,00
Salı;1.536,11
Pazartesi;1.540,21
Cuma;1.542,45
Perşembe;1.551,57
Çarşamba;1.569,35
Salı;1.565,01
Pazartesi;1.556,77
Cuma;1.524,49
Perşembe;1.546,60
Çarşamba;1.559,28
Salı;1.549,53
Pazartesi;1.536,19
Cuma;1.540,61
Perşembe;1.522,24
Çarşamba;1.505,42
Salı;1.489,56
Pazartesi;1.495,43
Perşembe;1.476,72
Çarşamba;1.479,91
Salı;1.459,69
Pazartesi;1.439,29
Cuma;1.426,03
Perşembe;1.426,00
Çarşamba;1.417,66
Salı;1.404,97
Pazartesi;1.384,43
Cuma;1.408,32
Perşembe;1.399,36
Çarşamba;1.392,45
Salı;1.395,40
Pazartesi;1.388,55
Cuma;1.370,70
Perşembe;1.353,36
Çarşamba;1.350,32
Salı;1.339,89
Pazartesi;1.329,90
Cuma;1.330,87
Perşembe;1.330,85
Çarşamba;1.325,49
Salı;1.325,29
Pazartesi;1.283,58
Cuma;1.328,73
Perşembe;1.342,49
Çarşamba;1.325,47
Salı;1.320,98
Pazartesi;1.314,25
Cuma;1.323,95
Perşembe;1.313,02
Çarşamba;1.294,72
Salı;1.259,72
Pazartesi;1.292,99
Cuma;1.291,29
Perşembe;1.271,75
Çarşamba;1.279,22
Salı;1.243,00
Pazartesi;1.231,54
Cuma;1.191,96
Perşembe;1.180,02
Çarşamba;1.167,65
Salı;1.150,71
Pazartesi;1.133,59
Cuma;1.112,37
Çarşamba;1.126,99
Salı;1.152,63
Pazartesi;1.144,45
Cuma;1.190,63
Perşembe;1.198,32
Çarşamba;1.211,51
Salı;1.210,41
Pazartesi;1.205,37
Cuma;1.192,73
Perşembe;1.180,43
Çarşamba;1.189,29
Salı;1.174,70
Pazartesi;1.178,35
Cuma;1.165,70
Perşembe;1.150,49
Çarşamba;1.152,41
Salı;1.153,71
Pazartesi;1.160,71
Cuma;1.145,03
Perşembe;1.143,51
Çarşamba;1.145,24
Salı;1.123,25
Pazartesi;1.121,17
Cuma;1.124,17
Perşembe;1.119,56
Çarşamba;1.102,65
Salı;1.096,16
Pazartesi;1.087,03
Cuma;1.111,96
Perşembe;1.110,66
Çarşamba;1.107,11
Salı;1.111,24
Pazartesi;1.107,29
Cuma;1.102,70
Perşembe;1.099,06
Çarşamba;1.099,68
Salı;1.089,60
Pazartesi;1.096,81
Cuma;1.086,32
Perşembe;1.076,34
Çarşamba;1.083,91
Salı;1.085,19
Pazartesi;1.078,61
Cuma;1.100,55
Perşembe;1.108,93
Çarşamba;1.099,02
Salı;1.092,16
Pazartesi;1.108,44
Cuma;1.109,88
Perşembe;1.126,80
Çarşamba;1.124,71
Salı;1.092,46
Pazartesi;1.086,20
Cuma;1.083,83
Perşembe;1.100,26
Çarşamba;1.114,18
Salı;1.110,05
Pazartesi;1.075,52
Cuma;1.060,59
Perşembe;1.034,40
Çarşamba;1.091,80
Salı;1.087,16
Perşembe;1.126,90
Çarşamba;1.135,55
Salı;1.152,70
Pazartesi;1.195,67
Cuma;1.192,02
Perşembe;1.190,31
Çarşamba;1.180,80
Salı;1.180,42
Pazartesi;1.192,81
Cuma;1.187,86
Perşembe;1.188,08
Salı;1.177,41
Pazartesi;1.183,99
Cuma;1.148,09
Perşembe;1.157,94
Çarşamba;1.187,13
Salı;1.193,39
Pazartesi;1.184,85
Cuma;1.157,48
Perşembe;1.169,08
Çarşamba;1.153,15
Salı;1.165,25
Pazartesi;1.158,43
Cuma;1.146,68
Perşembe;1.141,39
Çarşamba;1.144,49
Salı;1.153,39
Pazartesi;1.151,90
Cuma;1.136,12
Perşembe;1.124,95
Çarşamba;1.109,40
Salı;1.109,40
Pazartesi;1.095,56
Cuma;1.098,35
Perşembe;1.091,55
Çarşamba;1.097,79
Salı;1.092,37
Pazartesi;1.096,37
Cuma;1.100,22
Perşembe;1.095,37
Çarşamba;1.091,11
Salı;1.080,97
Pazartesi;1.072,66
Cuma;1.055,20
Perşembe;1.053,60
Çarşamba;1.049,54
Cuma;1.030,24
Perşembe;1.026,49
Çarşamba;1.021,58
Pazartesi;1.019,83
Cuma;997,68
Perşembe;991,93
Çarşamba;1.001,59
Salı;996,16
Pazartesi;977,92
Cuma;978,45
Perşembe;983,99
Çarşamba;985,71
Salı;987,38
Pazartesi;988,42
Perşembe;1.011,10
Çarşamba;1.015,95
Salı;1.007,07
Pazartesi;1.012,67
Cuma;987,59
Çarşamba;981,71
Salı;976,19
Pazartesi;989,46
Cuma;981,8
Perşembe;962,49
Çarşamba;958,55
Salı;985,5
Pazartesi;963,99
Cuma;964,71
Perşembe;958,34
Çarşamba;932,25
Salı;923,82
Pazartesi;920,71
Cuma;895,53
Perşembe;895,11
Çarşamba;890,85
Salı;896,44
Pazartesi;880,59
Cuma;881,25
Perşembe;915,28
Çarşamba;890,63
Salı;892,86
Pazartesi;842,46
Cuma;857,96
Perşembe;851,95
Çarşamba;855,77
Salı;867,78
Pazartesi;878,88
Cuma;956,05
Perşembe;936,39
Çarşamba;1.009,66
Salı;1.010,63
Pazartesi;1.035,24
Cuma;1.096,01
Perşembe;1.118,15
Çarşamba;1.107,85
Salı;1.112,07
Pazartesi;1.073,10
Cuma;1.059,94
Perşembe;1.104,18
Çarşamba;1.151,71
Salı;1.143,65
Pazartesi;1.147,89
Cuma;1.168,29
Perşembe;1.156,42
Çarşamba;1.191,96
Salı;1.195,74
Pazartesi;1.207,92
Cuma;1.201,51
Perşembe;1.205,41
Çarşamba;1.200,49
Salı;1.197,98
Pazartesi;1.183,42
Cuma;1.210,15
Perşembe;1.222,84
Çarşamba;1.223,21
Salı;1.221,36
Pazartesi;1.192,43
Cuma;1.191,40
Perşembe;1.198,50
Çarşamba;1.196,89
Salı;1.198,02
Pazartesi;1.201,50
Cuma;1.221,42
Perşembe;1.225,40
Çarşamba;1.227,47
Salı;1.235,56
Pazartesi;1.226,20
Cuma;1.214,75
Perşembe;1.210,01
Çarşamba;1.209,39
Salı;1.214,23
Pazartesi;1.202,49
Cuma;1.186,64
Perşembe;1.179,90
Çarşamba;1.128,76
Salı;1.126,00
Pazartesi;1.114,13
Cuma;1.136,84
Perşembe;1.159,32
Salı;1.144,25
Pazartesi;1.147,54
Cuma;1.136,84
Perşembe;1.136,53
Çarşamba;1.133,29
Salı;1.131,53
Pazartesi;1.121,75
Cuma;1.111,77
Perşembe;1.105,99
Çarşamba;1.105,75
Salı;1.110,74
Pazartesi;1.111,26
Cuma;1.104,77
Perşembe;1.101,15
Çarşamba;1.079,22
Salı;1.080,11
Pazartesi;1.087,86
Cuma;1.088,69
Perşembe;1.086,59
Çarşamba;1.077,01
Salı;1.067,90
Pazartesi;1.080,04
Cuma;1.069,04
Perşembe;1.071,26
Çarşamba;1.058,44
Salı;1.059,83
Pazartesi;1.053,82
Cuma;1.065,88
Perşembe;1.068,05
Çarşamba;1.067,85
Salı;1.075,29
Pazartesi;1.068,46
Cuma;1.053,80
Perşembe;1.037,81
Çarşamba;1.048,28
Salı;1.039,72
Pazartesi;1.031,18
Cuma;1.031,53
Perşembe;1.035,44
Çarşamba;1.011,44
Salı;1.005,25
Pazartesi;1.000,88
Cuma;984,63
Perşembe;984,69
Çarşamba;986,92
Pazartesi;998,38
Cuma;1.002,16
Perşembe;1.003,46
Çarşamba;997,85
Salı;978,86
Pazartesi;973,24
Cuma;984,15
Perşembe;948,96
Çarşamba;941,37
Salı;952,58
Pazartesi;939,81
Cuma;990,28
Perşembe;987,8
Çarşamba;996,49
Salı;1.018,59
Pazartesi;1.029,93
Cuma;1.034,64
Perşembe;1.027,84
Çarşamba;1.035,09
Salı;1.038,77
Pazartesi;1.050,33
Cuma;1.051,52
Perşembe;1.019,40
Çarşamba;1.026,18
Salı;1.018,47
Pazartesi;1.000,21
Cuma;1.002,37
Perşembe;1.003,39
Çarşamba;1.019,30
Salı;1.014,47
Pazartesi;1.025,90
Cuma;1.030,72
Perşembe;1.024,47
Çarşamba;1.019,22
Salı;1.012,13
Pazartesi;1.006,05
Cuma;989,87
Perşembe;1.002,78
Çarşamba;1.000,77
Salı;988,26
Pazartesi;983,43
Perşembe;967,18
Çarşamba;959,08
Salı;960,3
Pazartesi;971,01
Cuma;971,49
Perşembe;953,94
Çarşamba;955,22
Salı;960,32
Pazartesi;952,86
Cuma;957,34
Perşembe;965,79
Cuma;994,05
Perşembe;992,08
Çarşamba;980,56
Salı;995,84
Pazartesi;986,73
Cuma;996,79
Perşembe;1.019,00
Çarşamba;1.020,82
Salı;1.026,86
Pazartesi;1.033,73
Cuma;1.028,37
Perşembe;1.020,45
Çarşamba;1.034,57
Salı;1.025,56
Pazartesi;1.010,89
Cuma;1.018,49
Perşembe;1.015,66
Çarşamba;998,06
Salı;980,28
Cuma;970,98
Perşembe;994,06
Çarşamba;985,85
Salı;968,11
Pazartesi;986,95
Cuma;996,35
Perşembe;993,82
Çarşamba;993,63
Salı;1.002,01
Pazartesi;997,36
Cuma;964,85
Perşembe;955,73
Çarşamba;948,31
Salı;954,21
Pazartesi;951,82
Cuma;940,22
Perşembe;941,58
Çarşamba;942,44
Salı;942,19
Pazartesi;922,5
Cuma;907,87
Perşembe;905,01
Çarşamba;926,06
Salı;928,26
Pazartesi;941,03
Cuma;938,09
Pazartesi;903,46
Cuma;905,9
Perşembe;900,12
Çarşamba;871,86
Salı;867,78
Pazartesi;855,45
Cuma;860,72
Perşembe;845,96
Çarşamba;836,75
Salı;853,1
Pazartesi;867,71
Cuma;867,96
Perşembe;872,04
Çarşamba;873,8
Salı;880,23
Pazartesi;862,83
Cuma;885,33
Perşembe;886,86
Çarşamba;902,72
Salı;914,82
Pazartesi;929,82
Cuma;939,46
Perşembe;941,79
Salı;954,16
Pazartesi;945,35
Cuma;947,83
Perşembe;944,99
Çarşamba;961,42
Pazartesi;959,53
Cuma;968,61
Perşembe;968,86
Çarşamba;982,03
Salı;968,09
Pazartesi;951,92
Cuma;959,77
Perşembe;960,73
Çarşamba;970,15
Salı;981,35
Pazartesi;969,78
Cuma;987,83
Perşembe;983,37
Çarşamba;944,41
Salı;935,33
Pazartesi;941,01
Cuma;937,84
Perşembe;921,2
Çarşamba;918,55
Salı;973,79
Pazartesi;993,26
Cuma;998,35
Perşembe;1.034,08
Çarşamba;1.033,10
Salı;1.048,62
Pazartesi;1.045,95
Cuma;1.033,04
Perşembe;1.024,32
Çarşamba;1.021,97
Salı;1.017,21
Pazartesi;1.008,50
Cuma;1.015,38
Perşembe;1.022,83
Çarşamba;1.034,53
Salı;1.037,31
Pazartesi;1.041,93
Cuma;1.032,67
Perşembe;1.045,30
Çarşamba;1.041,41
Salı;1.050,82
Pazartesi;1.043,30
Cuma;1.031,86
Perşembe;1.024,94
Çarşamba;1.019,71
Salı;1.017,42
Pazartesi;1.017,29
Cuma;1.027,15
Perşembe;1.021,30
Çarşamba;1.016,46
Salı;1.037,62
Pazartesi;1.043,95
Cuma;1.024,52
Perşembe;1.027,84
Çarşamba;1.025,84
Salı;1.024,48
Pazartesi;1.022,55
Cuma;1.029,37
Perşembe;1.040,74
Çarşamba;1.041,89
Salı;1.040,98
Pazartesi;1.012,90
Cuma;1.018,01
Perşembe;1.017,74
Çarşamba;1.001,41
Salı;996,77
Pazartesi;979,55
Cuma;984,55
Perşembe;968,17
Çarşamba;954,11
Salı;931,73
Pazartesi;920,54
Cuma;916,87
Perşembe;911,96
Çarşamba;911,57
Salı;906,97
Pazartesi;899,51
Cuma;888,31
Perşembe;873,99
Çarşamba;888,65
Pazartesi;912,7
Cuma;904,35
Perşembe;909,75
Çarşamba;910,02
Salı;908,3
Pazartesi;915,27
Cuma;918,61
Perşembe;918,54
Çarşamba;925,53
Salı;910,74
Pazartesi;899,62
Cuma;905,29
Perşembe;913,87
Çarşamba;900,51
Salı;918,01
Pazartesi;922,27
Cuma;936,99
Perşembe;928,27
Çarşamba;939,7
Salı;938,8
Pazartesi;949,74
Cuma;954,16
Perşembe;951,26
Çarşamba;940,71
Salı;935,17
Pazartesi;939,62
Cuma;930,03
Perşembe;926,29
Çarşamba;927,08
Salı;916,86
Pazartesi;945,71
Cuma;936,16
Perşembe;932,97
Çarşamba;932,87
Salı;927,09
Pazartesi;914,45
Cuma;928,39
Perşembe;935,06
Çarşamba;954,93
Salı;947,28
Pazartesi;959,48
Cuma;941,23
Perşembe;923,87
Çarşamba;902,01
Salı;900
Cuma;905,42
Perşembe;937,48
Çarşamba;926,92
Salı;934,69
Pazartesi;946,82
Cuma;964,55
Perşembe;974,54
Çarşamba;989,91
Salı;984,66
Pazartesi;986,31
Cuma;966,57
Perşembe;947,48
Çarşamba;944,41
Salı;967,32
Pazartesi;960,87
Cuma;948,83
Perşembe;944,97
Çarşamba;971,88
Salı;981,61
Pazartesi;985,37
Cuma;999,57
Perşembe;1.002,99
Çarşamba;991,49
Salı;992,92
Pazartesi;995,47
Cuma;979,88
Perşembe;961,21
Çarşamba;966,04
Salı;948,87
Pazartesi;943,48
Cuma;947,6
Perşembe;944,19
Çarşamba;922,27
Salı;923,89
Pazartesi;916,98
Cuma;932,74
Perşembe;927,63
Çarşamba;927,91
Salı;931,89
Pazartesi;939,16
Cuma;927,23
Çarşamba;932,81
Salı;938,67
Pazartesi;912,84
Pazartesi;901,86
Cuma;887,35
Perşembe;871,43
Çarşamba;902,63
Salı;934,19
Pazartesi;926,85
Cuma;949,4
Perşembe;971,85
Çarşamba;969,74
Salı;961,61
Pazartesi;941,74
Cuma;956,1
Perşembe;945,43
Çarşamba;972,11
Salı;969,52
Pazartesi;961,58
Cuma;955,85
Perşembe;948,17
Çarşamba;953,69
Salı;921,34
Pazartesi;953,05
Cuma;940,82
Perşembe;930,03
Çarşamba;923,22
Salı;916,3
Pazartesi;897,44
Cuma;898,98
Perşembe;895,71
Çarşamba;912,89
Salı;962,75
Pazartesi;992,53
Cuma;987,34
Perşembe;990,97
Çarşamba;972,3
Salı;965,88
Pazartesi;967,73
Cuma;965,2
Perşembe;962,27
Çarşamba;959,55
Salı;944,08
Pazartesi;940,08
Cuma;958,52
Perşembe;950,57
Çarşamba;945,52
Salı;944,37
Pazartesi;930,43
Perşembe;945,41
Çarşamba;935,05
Salı;953,07
Pazartesi;966,61
Cuma;958,76
Perşembe;986,24
Çarşamba;966,58
Salı;978,23
Pazartesi;992,5
Cuma;991,71
Perşembe;1.006,52
Çarşamba;1.038,69
Salı;1.051,13
Pazartesi;1.065,25
Cuma;1.032,00
Perşembe;1.011,38
Çarşamba;1.018,92
Salı;1.033,28
Pazartesi;1.022,58
Cuma;1.024,10
Perşembe;1.018,69
Çarşamba;1.021,58
Salı;1.015,40
Pazartesi;1.033,70
Cuma;1.018,52
Perşembe;1.023,81
Çarşamba;1.007,81
Salı;993,64
Pazartesi;1.008,66
Cuma;1.025,99
Perşembe;1.029,09
Çarşamba;1.047,26
Pazartesi;1.042,83
Cuma;1.076,14
Perşembe;1.070,15
Çarşamba;1.074,01
Salı;1.100,59
Cuma;1.109,32
Perşembe;1.121,22
Çarşamba;1.120,99
Salı;1.087,45
Pazartesi;1.106,88
Cuma;1.096,04
Perşembe;1.102,35
Çarşamba;1.092,53
Salı;1.107,13
Pazartesi;1.131,56
Cuma;1.147,38
Perşembe;1.149,48
Çarşamba;1.139,76
Salı;1.145,94
Pazartesi;1.144,42
Cuma;1.149,30
Perşembe;1.148,45
Çarşamba;1.141,29
Salı;1.161,97
Pazartesi;1.164,20
Cuma;1.166,03
Perşembe;1.171,10
Çarşamba;1.176,51
Salı;1.164,32
Pazartesi;1.154,50
Cuma;1.172,16
Perşembe;1.172,02
Çarşamba;1.175,93
Salı;1.182,67
Pazartesi;1.184,11
Cuma;1.169,15
Perşembe;1.165,67
Çarşamba;1.168,42
Salı;1.167,10
Pazartesi;1.169,46
Cuma;1.168,59
Perşembe;1.176,32
Çarşamba;1.189,51
Salı;1.188,32
Pazartesi;1.187,92
Cuma;1.175,21
Perşembe;1.168,41
Çarşamba;1.163,16
Salı;1.134,33
Pazartesi;1.158,82
Cuma;1.165,11
Perşembe;1.162,26
Çarşamba;1.134,55
Salı;1.144,94
Pazartesi;1.148,22
Cuma;1.135,90
Perşembe;1.142,64
Çarşamba;1.155,70
Salı;1.154,57
Pazartesi;1.168,53
Cuma;1.181,19
Perşembe;1.190,44
Çarşamba;1.195,29
Salı;1.193,03
Pazartesi;1.208,45
Cuma;1.207,02
Perşembe;1.186,04
Çarşamba;1.196,48
Salı;1.184,00
Pazartesi;1.172,35
Cuma;1.151,47
Perşembe;1.168,56
Çarşamba;1.165,93
Salı;1.144,18
Pazartesi;1.121,59
Cuma;1.146,45
Perşembe;1.147,19
Çarşamba;1.135,89
Salı;1.150,23
Pazartesi;1.163,05
Cuma;1.166,38
Perşembe;1.154,91
Çarşamba;1.160,52
Salı;1.175,24
Cuma;1.153,33
Perşembe;1.144,80
Çarşamba;1.121,50
Salı;1.120,07
Pazartesi;1.117,65
Cuma;1.110,99
Perşembe;1.112,72
Çarşamba;1.104,55
Salı;1.101,77
Pazartesi;1.102,48
Cuma;1.093,30
Perşembe;1.096,66
Çarşamba;1.081,53
Salı;1.090,49
Pazartesi;1.091,56
Cuma;1.079,21
Perşembe;1.064,48
Çarşamba;1.053,04
Salı;1.062,60
Pazartesi;1.052,15
Cuma;1.035,59
Perşembe;1.039,84
Çarşamba;1.023,42
Salı;1.020,68
Pazartesi;1.047,60
Cuma;1.045,39
Perşembe;1.050,26
Çarşamba;1.059,64
Salı;1.052,68
Pazartesi;1.039,12
Cuma;1.062,39
Perşembe;1.069,77
Çarşamba;1.077,17
Salı;1.101,48
Pazartesi;1.088,60
Cuma;1.089,49
Perşembe;1.102,46
Çarşamba;1.118,95
Salı;1.122,72
Pazartesi;1.141,66
Cuma;1.112,93
Perşembe;1.129,95
Çarşamba;1.130,24
Salı;1.101,43
Pazartesi;1.084,67
Cuma;1.078,84
Perşembe;1.073,35
Çarşamba;1.083,55
Salı;1.072,06
Pazartesi;1.073,03
Cuma;1.084,89
Perşembe;1.084,34
Çarşamba;1.069,26
Salı;1.069,91
Pazartesi;1.064,74
Cuma;1.062,26
Perşembe;1.059,32
Çarşamba;1.038,16
Salı;1.033,94
Pazartesi;1.012,98
Cuma;1.041,37
Perşembe;1.043,34
Çarşamba;1.045,48
Salı;1.039,08
Pazartesi;1.039,31
Cuma;1.029,08
Perşembe;1.026,51
Çarşamba;1.012,18
Salı;1.039,29
Pazartesi;1.022,70
Cuma;1.041,23
Perşembe;1.040,01
Çarşamba;1.053,24
Salı;1.049,18
Pazartesi;1.065,35
Cuma;1.077,42
Perşembe;1.082,44
Çarşamba;1.081,56
Salı;1.091,30
Pazartesi;1.094,58
Cuma;1.084,52
Perşembe;1.097,43
Çarşamba;1.096,12
Salı;1.088,73
Perşembe;1.100,10
Salı;1.104,23
Pazartesi;1.103,40
Cuma;1.097,55
Perşembe;1.091,54
Çarşamba;1.089,53
Salı;1.085,94
Pazartesi;1.086,15
Cuma;1.072,02
Perşembe;1.068,25
Çarşamba;1.068,62
Salı;1.069,13
Pazartesi;1.095,37
Cuma;1.069,63
Perşembe;1.078,00
Çarşamba;1.087,15
Salı;1.096,39
Pazartesi;1.097,81
Cuma;1.085,45
Perşembe;1.071,54
Çarşamba;1.065,25
Salı;1.061,47
Pazartesi;1.075,31
Cuma;1.077,00
Perşembe;1.083,92
Çarşamba;1.072,06
Salı;1.070,41
Pazartesi;1.067,11
Cuma;1.068,43
Perşembe;1.067,36
Çarşamba;1.074,18
Salı;1.057,18
Pazartesi;1.062,17
Cuma;1.051,76
Perşembe;1.042,10
Çarşamba;1.038,10
Salı;1.031,83
Pazartesi;1.010,97
Cuma;1.000,84
Perşembe;1.006,27
Çarşamba;1.007,44
Salı;1.012,08
Pazartesi;1.005,22
Cuma;1.004,40
Perşembe;1.001,90
Çarşamba;1.006,18
Cuma;996,39
Perşembe;1.000,72
Çarşamba;993,9
Salı;992,69
Pazartesi;993,32
Cuma;981,93
Perşembe;987,37
Çarşamba;996,36
Salı;993
Pazartesi;994,42
Cuma;989,43
Perşembe;979,78
Çarşamba;976,17
Salı;983,32
Pazartesi;981,92
Cuma;988,68
Perşembe;973,66
Çarşamba;975,42
Salı;973,48
Pazartesi;977,26
Cuma;975,33
Perşembe;977,13
Çarşamba;983,14
Salı;977,17
Pazartesi;964
Perşembe;951,47
Çarşamba;957,25
Salı;961,62
Pazartesi;955,88
Cuma;949,96
Perşembe;951,14
Çarşamba;961,94
Salı;953,23
Pazartesi;938,33
Cuma;939,28
Perşembe;930,38
Çarşamba;938,63
Salı;943,56
Cuma;946,55
Perşembe;942,82
Çarşamba;945,22
Salı;946,35
Pazartesi;938,03
Cuma;924,24
Perşembe;920,39
Çarşamba;908,04
Salı;913,74
Pazartesi;906,54
Cuma;900,64
Perşembe;898,71
Çarşamba;909,52
Salı;909,04
Pazartesi;912,4
Cuma;884,97
Perşembe;886,79
Çarşamba;890,37
Salı;886,13
Pazartesi;886,69
Cuma;889,47
Perşembe;892,82
Çarşamba;892,7
Salı;901,82
Pazartesi;896,95
Cuma;903,83
Perşembe;897,64
Çarşamba;898,09
Salı;906,06
Pazartesi;909,02
Cuma;904,91
Perşembe;902,68
Çarşamba;894,46
Salı;891,37
Pazartesi;894,3
Cuma;896,11
Perşembe;890,03
Çarşamba;894,85
Salı;908,14
Pazartesi;910,45
Cuma;897,22
Perşembe;899,34
Çarşamba;893,2
Salı;874,78
Pazartesi;877,65
Cuma;882,58
Perşembe;891,38
Çarşamba;885,31
Salı;889,65
Pazartesi;885,88
Cuma;888,3
Perşembe;881,87
Çarşamba;878,82
Salı;880,82
Pazartesi;885,78
Cuma;874,73
Perşembe;888,3
Çarşamba;882,49
Salı;874,77
Pazartesi;873,58
Cuma;883,89
Perşembe;873,94
Çarşamba;868,48
Salı;862,96
Pazartesi;862,38
Cuma;838,27
Perşembe;838,27
Çarşamba;831,28
Salı;842,08
Pazartesi;830,48
Cuma;830,67
Perşembe;823
Çarşamba;827,79
Salı;823,63
Pazartesi;817,12
Cuma;815,24
Perşembe;808,91
Çarşamba;776,67
Salı;773,94
Pazartesi;773,94
Cuma;771,07
Perşembe;763,86
Çarşamba;761,44
Salı;766,18
Pazartesi;777,54
Cuma;781,39
Perşembe;778,36
Çarşamba;775,48
Salı;766,99
Pazartesi;770,28
Cuma;769,72
Perşembe;774,05
Çarşamba;776,19
Salı;778,08
Pazartesi;771,58
Cuma;775,9
Perşembe;776,79
Çarşamba;768,81
Salı;769,95
Pazartesi;762,4
Cuma;757,27
Perşembe;759,29
Çarşamba;760,31
Salı;754,33
Pazartesi;736
Cuma;733,91
Perşembe;725,2
Çarşamba;739,95
Salı;742,05
Pazartesi;749,9
Cuma;743,63
Perşembe;741,93
Çarşamba;750,37
Salı;758,12
Pazartesi;755,44
Cuma;756,39
Perşembe;751,36
Çarşamba;747,59
Salı;751,51
Pazartesi;744,19
Cuma;751,74
Perşembe;763,6
Çarşamba;762,09
Salı;763,68
Pazartesi;756,82
Cuma;742,67
Perşembe;766,81
Çarşamba;771,72
Salı;774,29
Pazartesi;785,36
Cuma;783,33
Perşembe;787,39
Çarşamba;793,98
Salı;794,33
Pazartesi;799,33
Cuma;788,44
Perşembe;792,52
Çarşamba;792,1
Salı;783,4
Pazartesi;774,38
Cuma;775,54
Perşembe;768,1
Çarşamba;774,61
Salı;776,44
Pazartesi;778,35
Cuma;779,76
Perşembe;778,95
Çarşamba;778,54
Salı;770,58
Pazartesi;772,25
Cuma;764,88
Perşembe;770,77
Çarşamba;776,78
Salı;771,61
Pazartesi;767,26
Cuma;797,56
Perşembe;797,96
Çarşamba;779,16
Salı;773,13
Pazartesi;776,71
Cuma;760,2
Cuma;770,54
Perşembe;778,43
Çarşamba;776,43
Salı;779,95
Pazartesi;777,92
Cuma;768,84
Perşembe;758,53
Çarşamba;759,68
Pazartesi;761,19
Cuma;771,2
Perşembe;767,9
Çarşamba;761,16
Salı;773,34
Pazartesi;779,53
Cuma;781,46
Perşembe;779,71
Çarşamba;781,48
Salı;777,07
Pazartesi;784,73
Cuma;782,29
Perşembe;790,34
Çarşamba;779,56
Salı;785,25
Pazartesi;777,79
Cuma;760,66
Perşembe;761,26
Çarşamba;745,52
Salı;758,04
Pazartesi;767,12
Cuma;754,06
Perşembe;752,44
Çarşamba;750,76
Salı;736,89
Pazartesi;741,74
Cuma;717,38
Perşembe;715,95
Çarşamba;749,03
Salı;761,78
Pazartesi;769,58
Cuma;828,25
Perşembe;825,9
Çarşamba;813,22
Salı;811,42
Pazartesi;792,35
Cuma;780,19
Pazartesi;783,88
Cuma;779,52
Perşembe;768,17
Çarşamba;767,12
Salı;769,29
Pazartesi;751,61
Cuma;753,66
Perşembe;779,9
Çarşamba;772,67
Salı;775,31
Pazartesi;775,23
Cuma;754,31
Perşembe;746,72
Çarşamba;762,37
Salı;757,6
Pazartesi;765,34
Cuma;768,87
Perşembe;777,12
Çarşamba;788,33
Salı;781,58
Pazartesi;785,93
Cuma;781,39
Perşembe;762,72
Çarşamba;770,35
Salı;778,03
Pazartesi;785,35
Cuma;780,29
Perşembe;780,36
Çarşamba;786,09
Salı;794,35
Pazartesi;767,66
Cuma;763,58
Çarşamba;772,44
Salı;772,77
Pazartesi;770
Cuma;778,08
Perşembe;783,04
Çarşamba;790,28
Salı;788,02
Pazartesi;790,62
Cuma;783,68
Perşembe;786,99
Çarşamba;793,83
Salı;810,7
Pazartesi;838,3
Cuma;853,28
Perşembe;854,78
Çarşamba;853,74
Salı;857,56
Pazartesi;851,09
Cuma;858,29
Perşembe;856,71
Çarşamba;855,5
Salı;862,51
Pazartesi;863,44
Cuma;855,73
Perşembe;857,85
Çarşamba;856,97
Salı;837,2
Pazartesi;839,88
Cuma;825,02
Perşembe;811,65
Çarşamba;815,11
Salı;829,64
Pazartesi;838,73
Cuma;823,59
Perşembe;832,68
Çarşamba;829,18
Salı;817,34
Pazartesi;813,45
Cuma;813,56
Perşembe;813,58
Çarşamba;803,84
Salı;817,66
Pazartesi;834,03
Cuma;829,43
Perşembe;813,77
Çarşamba;793,69
Salı;790,31
Pazartesi;801,11
Cuma;793,8
Perşembe;790,25
Çarşamba;787,38
Salı;776,83
Pazartesi;774,84
Cuma;771,91
Perşembe;768,28
Çarşamba;767,88
Salı;759,55
Pazartesi;758,14
Cuma;749,29
Perşembe;752,02
Çarşamba;740,67
Salı;755
Pazartesi;748,94
Cuma;730,15
Perşembe;734,46
Çarşamba;728,05
Salı;709,49
Pazartesi;710,08
Cuma;709,37
Perşembe;709,42
Çarşamba;716,14
Salı;714,15
Pazartesi;720,05
Cuma;742,04
Perşembe;745,05
Çarşamba;732,67
Salı;725,06
Pazartesi;734,48
Cuma;734,81
Perşembe;724,27
Çarşamba;720,53
Salı;718,09
Pazartesi;705,39
Cuma;702,44
Perşembe;685,68
Çarşamba;696,04
Salı;710,73
Pazartesi;710,4
Cuma;710,62
Perşembe;719,41
Çarşamba;725,09
Salı;717,4
Pazartesi;710,49
Cuma;706,13
Perşembe;714,96
Çarşamba;711,98
Salı;706,88
Pazartesi;705,18
Perşembe;717,27
Çarşamba;732,01
Salı;739,13
Pazartesi;742,43
Cuma;741,9
Perşembe;740,5
Çarşamba;740,45
Salı;731,02
Pazartesi;733,28
Cuma;724,6
Perşembe;737,12
Çarşamba;728,32
Salı;721,57
Pazartesi;693,09
Cuma;702,8
Perşembe;723,54
Çarşamba;745,84
Salı;731,01
Pazartesi;739,09
Cuma;742,65
Perşembe;754,53
Çarşamba;763,95
Salı;767,85
Pazartesi;752,33
Cuma;756,38
Perşembe;749,98
Çarşamba;768,37
Salı;762,43
Pazartesi;797,45
Cuma;806,82
Perşembe;804,41
Çarşamba;805,14
Salı;811,53
Pazartesi;810,46
Cuma;818,79
Perşembe;821,43
Çarşamba;817,18
Salı;811,74
Pazartesi;820,5
Cuma;819,3
Perşembe;829,56
Çarşamba;836,84
Salı;829,14
Pazartesi;836,94
Cuma;794,09
Çarşamba;785,36
Salı;786,63
Pazartesi;792,62
Cuma;801,25
Perşembe;802,56
Çarşamba;797,65
Salı;804,96
Pazartesi;797,35
Cuma;784,84
Perşembe;792,63
Çarşamba;793,8
Salı;783,59
Pazartesi;793
Cuma;792,15
Perşembe;786,61
Çarşamba;786,98
Salı;772,59
Pazartesi;769,03
Cuma;743,97
Perşembe;745,31
Çarşamba;742,05
Salı;742,58
Pazartesi;733,15
Çarşamba;746,1
Salı;749,94
Pazartesi;758,61
Cuma;750,99
Perşembe;749,81
Çarşamba;741,49
Salı;731,73
Pazartesi;712,99
Cuma;713,51
Perşembe;718,47
Çarşamba;720,03
Salı;720,52
Pazartesi;718,66
Cuma;729,5
Perşembe;740,04
Çarşamba;736,56
Salı;735,7
Pazartesi;752,1
Cuma;746,42
Perşembe;748,13
Çarşamba;736,16
Salı;735,1
Pazartesi;713,42
Cuma;737,98
Perşembe;746,82
Çarşamba;753
Salı;759,6
Pazartesi;769,22
Cuma;773,09
Perşembe;770,86
Çarşamba;781,75
Salı;797,2
Pazartesi;774,95
Cuma;784,27
Perşembe;788,03
Çarşamba;781,34
Salı;782,35
Pazartesi;781,64
Cuma;799,1
Perşembe;782,71
Çarşamba;780,8
Salı;780,24
Pazartesi;773,52
Cuma;787,12
Perşembe;783,37
Çarşamba;812,22
Salı;815,84
Pazartesi;813,2
Perşembe;827,9
Çarşamba;827,28
Salı;830,41
Pazartesi;833,88
Cuma;827,92
Perşembe;822,86
Çarşamba;803,87
Salı;815,72
Pazartesi;823,66
Cuma;812,17
Perşembe;818,8
Çarşamba;816,82
Salı;822,5
Pazartesi;817,56
Cuma;835,46
Perşembe;832,77
Çarşamba;841,41
Salı;830,68
Pazartesi;834,26
Cuma;824,54
Perşembe;819,32
Çarşamba;807,13
Salı;801,84
Pazartesi;789,51
Cuma;805,33
Perşembe;808,45
Çarşamba;797,48
Salı;781,46
Pazartesi;778,05
Cuma;819,43
Perşembe;824,99
Çarşamba;833,94
Salı;814,2
Pazartesi;804,29
Cuma;829,81
Perşembe;835,7
Çarşamba;842,92
Salı;836,49
Pazartesi;845,67
Cuma;858,04
Perşembe;865,65
Çarşamba;877,91
Pazartesi;886,52
Cuma;876,05
Perşembe;872,44
Çarşamba;864,17
Salı;853,63
Pazartesi;847,53
Cuma;840,6
Perşembe;825,7
Çarşamba;824,41
Salı;833,81
Pazartesi;840,19
Perşembe;839,47
Çarşamba;859,78
Salı;862,09
Pazartesi;864,02
Cuma;855,51
Çarşamba;837,8
Salı;842,78
Pazartesi;823,03
Cuma;824,18
Perşembe;824,37
Çarşamba;813,58
Salı;823,2
Pazartesi;819,38
Cuma;826,46
Perşembe;835,14
Çarşamba;827,99
Salı;824,66
Pazartesi;831,3
Cuma;829,94
Perşembe;816,76
Çarşamba;812,09
Salı;808,46
Pazartesi;821,84
Cuma;808,94
Perşembe;814,82
Çarşamba;826,49
Salı;820,33
Pazartesi;837,42
Cuma;825,06
Perşembe;819,22
Çarşamba;799,42
Salı;800,31
Pazartesi;781,96
Cuma;766,42
Perşembe;782,93
Çarşamba;782,77
Salı;779,77
Pazartesi;806,45
Cuma;803,1
Perşembe;807,8
Çarşamba;820,67
Salı;843,04
Pazartesi;839,47
Cuma;841,48
Perşembe;859,15
Çarşamba;867,33
Salı;866,91
Pazartesi;862,88
Cuma;854,89
Perşembe;864,14
Çarşamba;854,42
Salı;844,25
Pazartesi;860,41
Cuma;858,09
Perşembe;860,83
Çarşamba;834,29
Salı;831,16
Pazartesi;845,74
Cuma;849,87
Perşembe;857,89
Çarşamba;859,1
Salı;875,09
Pazartesi;897,13
Cuma;889,46
Perşembe;885,58
Çarşamba;903,42
Salı;911,5
Pazartesi;914,13
Cuma;907,36
Perşembe;909,03
Çarşamba;903,13
Salı;892
Pazartesi;880,06
Cuma;874,16
Perşembe;877,43
Çarşamba;875,63
Salı;883,13
Pazartesi;878,65
Cuma;876,48
Perşembe;876,9
Çarşamba;867,77
Salı;869,1
Pazartesi;864,63
Cuma;854,59
Çarşamba;857,21
Salı;845,37
Pazartesi;841,02
Cuma;849,47
Perşembe;848,25
Çarşamba;848,22
Salı;844,88
Pazartesi;851,44
Cuma;835,74
Perşembe;832,26
Çarşamba;808,21
Salı;791,91
Pazartesi;828,04
Cuma;832,26
Perşembe;847,18
Çarşamba;841,26
Salı;835,27
Pazartesi;848,19
Cuma;852,4
Perşembe;862,34
Çarşamba;849,15
Salı;849,15
Pazartesi;861,47
Cuma;861,69
Perşembe;846,89
Çarşamba;842,43
Salı;835,31
Pazartesi;832,52
Cuma;832,82
Perşembe;825,12
Çarşamba;814,62
Salı;813,3
Pazartesi;805
Cuma;812,12
Perşembe;808,76
Çarşamba;803,95
Salı;784,03
Pazartesi;777,43
Cuma;779,58
Perşembe;775,1
Çarşamba;789,56
Salı;802,68
Pazartesi;800,28
Cuma;805,8
Perşembe;798,99
Salı;795,89
Pazartesi;792,35
Cuma;794,17
Perşembe;794,95
Çarşamba;780,81
Salı;776,46
Pazartesi;763,31
Cuma;755,33
Perşembe;745,76
Çarşamba;748,56
Salı;746,87
Pazartesi;751,16
Cuma;734,94
Perşembe;752,08
Çarşamba;729,43
Cuma;743,84
Perşembe;738,58
Çarşamba;741,55
Salı;749,38
Pazartesi;746,46
Cuma;746,32
Perşembe;745,91
Çarşamba;751,93
Salı;766,69
Pazartesi;768,7
Cuma;769,22
Perşembe;774,96
Çarşamba;789,68
Salı;786,35
Pazartesi;779,18
Cuma;778,21
Perşembe;789,66
Çarşamba;795,51
Salı;800,8
Pazartesi;822
Cuma;821,93
Perşembe;822,26
Çarşamba;812,92
Salı;807,1
Pazartesi;808,25
Cuma;803,13
Perşembe;808,38
Çarşamba;804,67
Salı;807,54
Pazartesi;792,62
Cuma;789,3
Perşembe;789,58
Çarşamba;788,67
Salı;792,76
Pazartesi;773,42
Cuma;766,92
Perşembe;775,7
Çarşamba;776,19
Salı;778,27
Pazartesi;772,71
Cuma;791,99
Perşembe;788,43
Çarşamba;794,32
Salı;806,42
Pazartesi;818,93
Cuma;820,94
Perşembe;821,57
Cuma;842,18
Perşembe;838,25
Çarşamba;828,55
Salı;825,31
Pazartesi;822,7
Cuma;823,15
Perşembe;817,83
Çarşamba;822,71
Salı;812,45
Pazartesi;806,22
Cuma;793,64
Perşembe;785,52
Çarşamba;794,59
Salı;792,91
Pazartesi;789,51
Cuma;775,35
Perşembe;775,29
Çarşamba;768,32
Salı;771,07
Pazartesi;784,89
Cuma;784,72
Perşembe;781,04
Çarşamba;789,98
Salı;789,86
Pazartesi;793,27
Cuma;784,01
Perşembe;790,57
Çarşamba;780,93
Salı;780,16
Pazartesi;776,46
Cuma;790,12
Perşembe;798,34
Çarşamba;790,21
Salı;816,72
Pazartesi;807,54
Cuma;803,98
Perşembe;798,03
Çarşamba;783,85
Salı;788,18
Pazartesi;786,49
Cuma;792,9
Perşembe;793
Çarşamba;779,95
Salı;775,33
Pazartesi;786,03
Cuma;780,61
Perşembe;780,43
Çarşamba;764,55
Salı;752,55
Cuma;750,09
Perşembe;752,28
Çarşamba;760,48
Salı;757,76
Pazartesi;759,36
Cuma;755,63
Perşembe;757,82
Çarşamba;749,67
Salı;751,9
Pazartesi;747,61
Cuma;751,59
Çarşamba;738,72
Salı;723,15
Pazartesi;723,99
Cuma;713,89
Perşembe;723,91
Salı;731,7
Pazartesi;734,47
Cuma;734,76
Perşembe;735,62
Çarşamba;723,99
Salı;724,38
Pazartesi;737,75
Cuma;727,36
Perşembe;731,5
Çarşamba;724,29
Salı;739,47
Pazartesi;724,89
Cuma;725,83
Perşembe;715,45
Çarşamba;706,48
Salı;708,57
Pazartesi;697,36
Cuma;691,17
Perşembe;670,48
Çarşamba;677,31
Salı;646,96
Pazartesi;637,1
Cuma;645,79
Perşembe;652,61
Çarşamba;654,87
Salı;655,74
Pazartesi;641,98
Cuma;632,79
Perşembe;633,45
Çarşamba;632,59
Salı;630,66
Pazartesi;627,32
Cuma;630,96
Perşembe;640,04
Çarşamba;634,45
Salı;630,31
Pazartesi;611,89
Cuma;625,53
Perşembe;617,79
Çarşamba;615,03
Salı;621,24
Pazartesi;641,86
Cuma;638,86
Perşembe;636,81
Çarşamba;633,82
Salı;641,26
Pazartesi;655,99
Cuma;648,83
Perşembe;637,65
Çarşamba;645,14
Salı;642,81
Pazartesi;640,5
Cuma;646,14
Perşembe;645,5
Çarşamba;624,42
Salı;627,33
Pazartesi;616,75
Cuma;618,58
Perşembe;627,01
Çarşamba;620,89
Salı;635,44
Pazartesi;645,69
Cuma;644,28
Perşembe;654,29
Çarşamba;673,67
Salı;663,19
Pazartesi;657,64
Cuma;656,35
Perşembe;668,44
Çarşamba;681,35
Salı;680,73
Pazartesi;680,62
Cuma;679,12
Perşembe;664,14
Çarşamba;673,32
Salı;685,99
Pazartesi;680,22
Cuma;659,67
Perşembe;669,86
Salı;678,02
Pazartesi;679,86
Cuma;638,85
Perşembe;645,55
Çarşamba;660,97
Salı;689,98
Pazartesi;680,86
Cuma;695,73
Perşembe;691
Çarşamba;714,17
Salı;709,46
Pazartesi;748,43
Cuma;740,65
Perşembe;730,72
Çarşamba;739,66
Salı;741,18
Pazartesi;742,33
Cuma;733,78
Perşembe;719,92
Çarşamba;730,89
Salı;730,87
Pazartesi;749,51
Cuma;757,48
Perşembe;745,8
Çarşamba;748,96
Salı;755,63
Pazartesi;765,31
Cuma;756,38
Perşembe;746,79
Çarşamba;753,82
Salı;746,18
Pazartesi;755,98
Cuma;742,73
Perşembe;739,75
Çarşamba;723,27
Salı;719,05
Pazartesi;721,4
Cuma;739,18
Perşembe;758,12
Çarşamba;757,69
Salı;747,44
Pazartesi;762,34
Cuma;765,01
Perşembe;776,2
Çarşamba;789,19
Pazartesi;795,65
Cuma;792,72
Perşembe;788,46
Çarşamba;785,16
Salı;792,72
Pazartesi;788,77
Pazartesi;762,35
Cuma;761,76
Perşembe;756,4
Çarşamba;744,84
Salı;750,64
Pazartesi;759,01
Cuma;762,07
Perşembe;762,7
Çarşamba;751,63
Salı;764,7
Pazartesi;744,87
Cuma;747,72
Perşembe;756,18
Çarşamba;762,34
Salı;765,3
Pazartesi;768,08
Cuma;778,63
Perşembe;794,66
Çarşamba;746,61
Salı;747,83
Pazartesi;742,59
Cuma;716,35
Perşembe;727,22
Çarşamba;717,72
Salı;717,88
Pazartesi;696,89
Cuma;672,32
Perşembe;667,15
Çarşamba;669,66
Salı;669,73
Pazartesi;685,45
Perşembe;663,94
Çarşamba;654,52
Salı;655,2
Pazartesi;687,75
Cuma;679,32
Perşembe;683
Çarşamba;697,09
Salı;722,04
Pazartesi;723,83
Cuma;742,75
Perşembe;739,78
Çarşamba;755,86
Salı;755,14
Pazartesi;753,75
Çarşamba;735,45
Salı;740,32
Pazartesi;742,9
Cuma;740,33
Perşembe;734,02
Çarşamba;733,77
Salı;744,21
Pazartesi;729,39
Cuma;725,55
Perşembe;738,5
Çarşamba;740,15
Salı;753,68
Pazartesi;758,16
Cuma;758,74
Perşembe;770,23
Çarşamba;770,72
Salı;756,78
Pazartesi;762,28
Cuma;739,22
Perşembe;717,9
Çarşamba;710,74
Salı;719,82
Pazartesi;716,82
Cuma;731,12
Perşembe;754,1
Çarşamba;737,19
Salı;764,39
Pazartesi;767,37
Cuma;762,95
Perşembe;757,62
Çarşamba;738,52
Salı;712,15
Pazartesi;706,4
Cuma;731,02
Perşembe;734,62
Çarşamba;788,35
Salı;777,4
Pazartesi;789,46
Cuma;800,11
Perşembe;764,89
Çarşamba;768,81
Salı;750,41
Pazartesi;763,86
Cuma;783,33
Perşembe;758,95
Çarşamba;796,37
Salı;807,33
Pazartesi;769,84
Cuma;859,9
Perşembe;871,7
Çarşamba;871,75
Salı;899,16
Pazartesi;905,47
Cuma;910,16
Perşembe;913,51
Çarşamba;931,79
Salı;911,91
Pazartesi;901,65
Cuma;919,25
Perşembe;919,47
Çarşamba;921,12
Salı;912,87
Pazartesi;897,65
Cuma;895,69
Perşembe;899,31
Çarşamba;908,52
Salı;894,59
Pazartesi;897,15
Cuma;890,94
Perşembe;886,7
Salı;860,46
Pazartesi;851,54
Cuma;851,12
Perşembe;849,43
Çarşamba;847,8
Pazartesi;840,23
Cuma;832,85
Perşembe;830,38
Çarşamba;843,98
Salı;847,06
Pazartesi;851,07
Cuma;845,81
Perşembe;841,03
Çarşamba;824,04
Salı;827,7
Pazartesi;833,47
Cuma;820,71
Perşembe;832,44
Çarşamba;848,6
Salı;860,27
Pazartesi;861,12
Cuma;858,99
Perşembe;852,54
Çarşamba;841,95
Salı;839,71
Pazartesi;827,66
Cuma;824,52
Perşembe;823,74
Çarşamba;821,61
Salı;822,86
Pazartesi;833,79
Cuma;831,15
Perşembe;819,82
Çarşamba;826,19
Salı;833,48
Pazartesi;831,2
Cuma;835,42
Perşembe;818,35
Çarşamba;821,74
Salı;810,51
Pazartesi;806,12
Cuma;798,68
Perşembe;793,34
Çarşamba;781,66
Salı;775,14
Pazartesi;766,7
Cuma;758,99
Perşembe;772,69
Çarşamba;788,91
Salı;782,75
Pazartesi;779,08
Cuma;780,81
Perşembe;775,8
Çarşamba;779,43
Salı;780,79
Pazartesi;772,56
Cuma;786,84
Perşembe;781,49
Çarşamba;800,54
Salı;803,1
Pazartesi;807,23
Cuma;802,22
Perşembe;787,83
Çarşamba;789,83
Salı;821,78
Pazartesi;811,66
Cuma;847,55
Perşembe;864,38
Çarşamba;863,41
Salı;856,47
Pazartesi;852,82
Cuma;850,05
Perşembe;848,6
Çarşamba;840,82
Salı;824,06
Pazartesi;819,9
Cuma;810,34
Perşembe;808,37
Çarşamba;811,49
Salı;801,62
Pazartesi;802,24
Cuma;795,64
Perşembe;800,33
Çarşamba;796,42
Pazartesi;782,08
Cuma;785,79
Perşembe;784,54
Çarşamba;779,91
Salı;775,96
Pazartesi;773,14
Cuma;766,85
Perşembe;768,14
Çarşamba;768,1
Salı;772,98
Pazartesi;774,67
Cuma;762,93
Perşembe;769,63
Çarşamba;774,04
Salı;768,15
Pazartesi;767,34
Cuma;762,42
Perşembe;757,86
Çarşamba;760,38
Salı;755,23
Pazartesi;742,99
Cuma;730,59
Perşembe;724,49
Çarşamba;719,74
Salı;720
Pazartesi;718,67
Cuma;710,04
Perşembe;699,26
Çarşamba;704,61
Salı;706,37
Pazartesi;706,07
Cuma;707,91
Perşembe;715,97
Çarşamba;713,26
Salı;720,15
Pazartesi;713,57
Cuma;718,2
Perşembe;726,5
Çarşamba;716,05
Salı;720,4
Pazartesi;727,37
Cuma;714,23
Perşembe;725,53
Çarşamba;725,29
Salı;717,17
Çarşamba;707,08
Salı;707,62
Pazartesi;712,19
Cuma;707,74
Perşembe;703,56
Çarşamba;706,87
Salı;702,82
Pazartesi;697,7
Cuma;696,03
Perşembe;695,78
Çarşamba;684,58
Salı;680,63
Pazartesi;674,35
Cuma;673,84
Perşembe;669,09
Çarşamba;668,22
Salı;674,98
Pazartesi;667,55
Cuma;663,97
Perşembe;667,71
Çarşamba;666,76
Salı;678,1
Pazartesi;672,07
Cuma;678,91
Perşembe;670,02
Çarşamba;671,15
Salı;676
Pazartesi;680,92
Cuma;681,8
Perşembe;672,91
Çarşamba;681,84
Salı;681,05
Pazartesi;681,22
Cuma;679,37
Perşembe;677,15
Çarşamba;675,59
Salı;668,98
Pazartesi;672,08
Cuma;673,68
Çarşamba;661,53
Salı;661,39
Pazartesi;659,42
Cuma;656,54
Perşembe;660,79
Çarşamba;661,09
Cuma;657,58
Perşembe;649,16
Çarşamba;646,12
Salı;641,61
Pazartesi;651,49
Cuma;651,26
Perşembe;645,01
Çarşamba;646,99
Salı;649,38
Pazartesi;655,77
Cuma;653,04
Perşembe;637,78
Çarşamba;640,81
Salı;642,6
Pazartesi;650,32
Cuma;643,73
Perşembe;638,41
Çarşamba;617,08
Salı;613,03
Pazartesi;607,37
Cuma;617,92
Perşembe;623,41
Çarşamba;624,45
Salı;624,73
Pazartesi;626,75
Cuma;626,62
Perşembe;623,25
Çarşamba;630,49
Salı;631,24
Pazartesi;626,08
Cuma;627,81
Perşembe;619,72
Çarşamba;629,86
Salı;627,21
Pazartesi;619,51
Cuma;625,43
Perşembe;608,23
Çarşamba;611,84
Salı;601,27
Pazartesi;594,79
Cuma;604,51
Perşembe;604,4
Çarşamba;594,01
Salı;593
Pazartesi;583,25
Cuma;584,68
Perşembe;583,65
Çarşamba;582,5
Salı;582,01
Pazartesi;575,05
Cuma;573
Perşembe;566,96
Çarşamba;562,48
Salı;558
Pazartesi;557,44
Cuma;555,68
Perşembe;550,99
Çarşamba;551,25
Salı;554,5
Pazartesi;548,44
Cuma;548,1
Perşembe;549,17
Çarşamba;557,34
Salı;570,79
Pazartesi;565,4
Cuma;569,36
Perşembe;573,31
Çarşamba;581,01
Salı;574,53
Pazartesi;578,54
Cuma;588,73
Perşembe;588,21
Çarşamba;580,93
Salı;587,49
Pazartesi;588,1
Cuma;590,16
Perşembe;592,86
Çarşamba;589,44
Pazartesi;600,1
Cuma;605,97
Perşembe;606,78
Çarşamba;599,41
Salı;597,06
Cuma;601,23
Perşembe;598,48
Çarşamba;601,32
Salı;606,53
Pazartesi;604,78
Cuma;605,83
Perşembe;608,9
Çarşamba;607,1
Salı;599,88
Pazartesi;608,13
Cuma;609,4
Perşembe;620,63
Çarşamba;624,64
Salı;632,85
Pazartesi;629,69
Cuma;624,23
Perşembe;615,45
Çarşamba;618,15
Salı;624,91
Pazartesi;625,61
Cuma;614,17
Perşembe;617,87
Çarşamba;620,65
Salı;621,64
Pazartesi;625,37
Cuma;623,36
Perşembe;612,79
Çarşamba;608,36
Salı;593,89
Pazartesi;590,09
Cuma;592,8
Perşembe;596,74
Çarşamba;594,8
Salı;591,43
Pazartesi;596,85
Cuma;609,02
Perşembe;607,26
Çarşamba;607,21
Salı;599,78
Pazartesi;588,22
Cuma;597,38
Perşembe;596,67
Çarşamba;608,56
Salı;612,53
Pazartesi;614,49
Cuma;611,11
Perşembe;600,3
Çarşamba;598,48
Salı;596,62
Pazartesi;605,57
Cuma;593,32
Perşembe;601,63
Çarşamba;611,78
Salı;605,46
Pazartesi;606,75
Cuma;601,48
Perşembe;600,52
Çarşamba;592,16
Salı;571,71
Pazartesi;578,12
Cuma;573,57
Perşembe;569,59
Çarşamba;549,19
Salı;547,91
Pazartesi;551,86
Cuma;548,89
Perşembe;546,08
Çarşamba;543,85
Salı;535,29
Pazartesi;527,97
Cuma;515,62
Perşembe;521,54
Çarşamba;514,1
Salı;507,82
Pazartesi;498,37
Cuma;501,83
Perşembe;512,05
Çarşamba;515,33
Salı;528,59
Pazartesi;513,41
Cuma;512,67
Perşembe;520,54
Çarşamba;515,53
Salı;525,61
Pazartesi;525,17
Cuma;519,49
Perşembe;515,92
Çarşamba;517,47
Salı;521,27
Pazartesi;507,42
Cuma;516,66
Perşembe;518,86
Çarşamba;513,39
Salı;525,52
Pazartesi;524,44
Cuma;538,35
Perşembe;534,99
Çarşamba;551,39
Salı;546,79
Pazartesi;551,96
Cuma;547,69
Perşembe;538,07
Çarşamba;545,18
Salı;520,93
Pazartesi;522,84
Cuma;510,71
Perşembe;496,22
Çarşamba;510,92
Salı;519,86
Pazartesi;527,52
Cuma;544,74
Perşembe;550,9
Çarşamba;559,27
Salı;559,23
Pazartesi;558,76
Cuma;562,01
Perşembe;555,41
Cuma;561,8
Perşembe;565,23
Çarşamba;557,21
Salı;548,52
Pazartesi;560,61
Cuma;570,42
Perşembe;566,17
Çarşamba;554,7
Salı;562,78
Pazartesi;562,59
Cuma;567,92
Perşembe;559,05
Çarşamba;577,99
Salı;587,51
Pazartesi;584,42
Cuma;593
Perşembe;585,43
Çarşamba;594,2
Salı;586,64
Pazartesi;583,28
Cuma;573,39
Perşembe;572,29
Çarşamba;573,11
Salı;572,09
Pazartesi;594,6
Cuma;596,93
Perşembe;597,58
Çarşamba;589,88
Salı;582,61
Pazartesi;568,01
Cuma;563,23
Perşembe;579,8
Çarşamba;608,28
Salı;608,89
Pazartesi;579,33
Cuma;578,97
Perşembe;571,16
Çarşamba;561,22
Salı;566,51
Pazartesi;556,05
Cuma;559,03
Perşembe;566,92
Çarşamba;552,38
Salı;550,2
Pazartesi;540,55
Cuma;553,75
Pazartesi;539,46
Cuma;537,08
Perşembe;529,68
Çarşamba;530,55
Salı;524,11
Pazartesi;532,87
Cuma;530,62
Perşembe;519,46
Çarşamba;542,18
Salı;540,97
Pazartesi;534,85
Cuma;521,89
Perşembe;520,17
Çarşamba;503,08
Salı;529,61
Pazartesi;522,84
Cuma;562,66
Perşembe;593,26
Çarşamba;613,15
Salı;617,59
Pazartesi;619,27
